{
  "model": "CDVAE",
  "total_generated": 1000,
  "total_relaxed": 931,
  "failed_relax": 0,
  "stable (ehull<=0)": 33,
  "meta_stable (ehull<=0.1)": 223,
  "unique": 931,
  "novel": 915,
  "msun": 210,
  "sun": 30,
  "frac_stable": 0.03544575725026853,
  "frac_meta_stable": 0.23952738990332975,
  "frac_unique": 1.0,
  "frac_novel": 0.9828141783029001,
  "frac_msun": 0.22556390977443608,
  "frac_sun": 0.0322234156820623
}