{
  "model": "CrystaLLM",
  "total_generated": 982,
  "total_relaxed": 976,
  "failed_relax": 0,
  "stable (ehull<=0)": 102,
  "meta_stable (ehull<=0.1)": 657,
  "unique": 896,
  "novel": 442,
  "msun": 160,
  "sun": 26,
  "frac_stable": 0.10450819672131148,
  "frac_meta_stable": 0.673155737704918,
  "frac_unique": 0.9180327868852459,
  "frac_novel": 0.45286885245901637,
  "frac_msun": 0.16393442622950818,
  "frac_sun": 0.02663934426229508
}