{
  "model": "CrystalFlow",
  "total_generated": 1000,
  "total_relaxed": 937,
  "failed_relax": 0,
  "stable (ehull<=0)": 38,
  "meta_stable (ehull<=0.1)": 267,
  "unique": 937,
  "novel": 864,
  "msun": 203,
  "sun": 28,
  "frac_stable": 0.04055496264674493,
  "frac_meta_stable": 0.2849519743863394,
  "frac_unique": 1.0,
  "frac_novel": 0.9220917822838848,
  "frac_msun": 0.21664887940234792,
  "frac_sun": 0.029882604055496264
}