{
  "model": "DiffCSP",
  "total_generated": 1000,
  "total_relaxed": 941,
  "failed_relax": 0,
  "stable (ehull<=0)": 74,
  "meta_stable (ehull<=0.1)": 417,
  "unique": 939,
  "novel": 777,
  "msun": 273,
  "sun": 40,
  "frac_stable": 0.07863974495217853,
  "frac_meta_stable": 0.44314558979808716,
  "frac_unique": 0.997874601487779,
  "frac_novel": 0.8257173219978746,
  "frac_msun": 0.29011689691817216,
  "frac_sun": 0.04250797024442083
}