{
  "model": "Mat2Seq",
  "total_generated": 998,
  "total_relaxed": 985,
  "failed_relax": 0,
  "stable (ehull<=0)": 109,
  "meta_stable (ehull<=0.1)": 896,
  "unique": 855,
  "novel": 45,
  "msun": 27,
  "sun": 7,
  "frac_stable": 0.11065989847715736,
  "frac_meta_stable": 0.9096446700507614,
  "frac_unique": 0.868020304568528,
  "frac_novel": 0.04568527918781726,
  "frac_msun": 0.027411167512690356,
  "frac_sun": 0.007106598984771574
}